{
  "analyzeButton": {
    "row": 2.8,
    "col": 6,
    "height": 1,
    "width": 2
  },
  "categoryTagsTable": {
    "type": "stack",
    "container": "container1",
    "subcontainer": "00030",
    "row": 2.2,
    "height": 8,
    "width": 8,
    "stackPosition": {
      "object": {
        "ordinal": 2,
        "widthType": "fixed",
        "width": 605,
        "height": 320
      }
    }
  },
  "clearButton": {
    "row": 2.8,
    "col": 8,
    "height": 1,
    "width": 2
  },
  "container1": {
    "row": 3.8,
    "col": 1,
    "height": 0.2,
    "width": 8,
    "stackPosition": {
      "object": {
        "ordinal": 0,
        "widthType": "fixed",
        "width": 0,
        "height": 0
      }
    }
  },
  "container3": {
    "container": "listView1",
    "height": 1,
    "width": 12,
    "stackPosition": {
      "object": {
        "ordinal": 0,
        "widthType": "fixed",
        "width": 0,
        "height": 0
      }
    }
  },
  "containerTitle2": {
    "type": "stack",
    "container": "container1",
    "rowGroup": "header",
    "height": 0.6,
    "width": 12,
    "stackPosition": {
      "object": {
        "ordinal": 0,
        "widthType": "fixed",
        "width": 444,
        "height": 32
      }
    }
  },
  "containerTitle3": {
    "type": "stack",
    "container": "container3",
    "subcontainer": "00030",
    "height": 0.6,
    "width": 11,
    "stackPosition": {
      "object": {
        "ordinal": 0,
        "widthType": "fixed",
        "width": 519,
        "height": 32
      }
    }
  },
  "divider6": {
    "type": "stack",
    "container": "container1",
    "subcontainer": "00030",
    "row": 2,
    "height": 0.2,
    "width": 4,
    "stackPosition": {
      "object": {
        "ordinal": 1,
        "widthType": "auto",
        "width": 302.5,
        "height": 8
      }
    }
  },
  "divider7": {
    "type": "stack",
    "container": "container1",
    "subcontainer": "00030",
    "row": 1.8,
    "height": 0.2,
    "width": 4,
    "stackPosition": {
      "object": {
        "ordinal": 3,
        "widthType": "fixed",
        "width": 302.5,
        "height": 8
      }
    }
  },
  "divider8": {
    "row": 4,
    "col": 1,
    "height": 0.2,
    "width": 11
  },
  "icon1": {
    "container": "container3",
    "subcontainer": "00030",
    "col": 11,
    "height": 0.8,
    "width": 1,
    "stackPosition": {
      "object": {
        "ordinal": 1,
        "widthType": "fixed",
        "width": 0,
        "height": 0
      }
    }
  },
  "instructionContainer": {
    "row": 2.6,
    "col": 1,
    "height": 0.2,
    "width": 10,
    "stackPosition": {
      "object": {
        "ordinal": 0,
        "widthType": "fixed",
        "width": 0,
        "height": 0
      }
    }
  },
  "listView1": {
    "container": "instructionContainer",
    "subcontainer": "00030",
    "row": 0.6,
    "height": 1,
    "width": 12,
    "stackPosition": {
      "object": {
        "ordinal": 0,
        "widthType": "fixed",
        "width": 0,
        "height": 0
      }
    }
  },
  "progressCircle1": {
    "row": 15.8,
    "col": 4,
    "height": 1.6
  },
  "reviewInput": {
    "row": 2.8,
    "col": 1,
    "height": 1,
    "width": 5
  },
  "sentiment": {
    "type": "stack",
    "container": "container1",
    "subcontainer": "00030",
    "row": 0.6,
    "height": 0.6,
    "stackPosition": {
      "object": {
        "ordinal": 0,
        "widthType": "fixed",
        "width": 252.08333333333331,
        "height": 24
      }
    }
  },
  "text6": {
    "row": 1,
    "col": 1,
    "height": 0.6,
    "width": 4
  },
  "text8": {
    "container": "instructionContainer",
    "subcontainer": "00030",
    "height": 0.6,
    "width": 9,
    "stackPosition": {
      "object": {
        "ordinal": 0,
        "widthType": "fixed",
        "width": 0,
        "height": 0
      }
    }
  },
  "urgencyLevelText": {
    "type": "stack",
    "container": "container1",
    "subcontainer": "00030",
    "row": 1.2,
    "height": 0.6,
    "stackPosition": {
      "object": {
        "ordinal": 4,
        "widthType": "auto",
        "width": 606.0833333333333,
        "height": 24
      }
    }
  },
  "urgencyReasonText": {
    "type": "stack",
    "container": "container1",
    "subcontainer": "00030",
    "height": 0.6,
    "stackPosition": {
      "object": {
        "ordinal": 5,
        "widthType": "auto",
        "width": 608.0833333333333,
        "height": 24
      }
    }
  }
}
